{
	"description": {
		"translate": "stellarity.items.trinkets.void_locket.enchantment.lapis",
		"fallback": "Wisdom",
		"color": "blue"
	},
	"supported_items": [
		"minecraft:iron_nugget"
	],
	"weight": 1,
	"max_level": 1,
	"min_cost": {
		"base": 0,
		"per_level_above_first": 0
	},
	"max_cost": {
		"base": 0,
		"per_level_above_first": 0
	},
	"anvil_cost": 0,
	"slots": [
		"hand"
	],
	"effects": {
		"minecraft:block_experience": [
			{
				"effect": {
					"type": "minecraft:add",
					"value": 2
				}
			}
		],
		"minecraft:mob_experience": [
			{
				"effect": {
					"type": "minecraft:add",
					"value": 2
				}
			}
		]
	}
}
