{ "temperature": 0.8, "downfall": 0.4, "has_precipitation": false, "temperature_modifier": "none", "creature_spawn_probability": 0, "effects": { "sky_color": 0, "fog_color": 0, "water_color": 4445678, "water_fog_color": 270131, "grass_color": 16699956, "foliage_color": 16699956, "ambient_sound": { "sound_id": "stellarity:ambient.end.dark" }, "mood_sound": { "sound": "ambient.soul_sand_valley.mood", "tick_delay": 1000, "block_search_extent": 2, "offset": 1 }, "additions_sound": { "sound": "ambient.soul_sand_valley.additions", "tick_chance": 0.0111 }, "particle": { "options": { "type": "spore_blossom_air" }, "probability": 0.002 } }, "spawners": { "monster": [ { "type": "minecraft:enderman", "weight": 35, "minCount": 4, "maxCount": 4 }, { "type": "minecraft:phantom", "weight": 5, "minCount": 2, "maxCount": 2 } ] }, "spawn_costs": {}, "carvers": {}, "features": [ [], [], [], [], [], [], [], [], [], [] ] }
