{
	"description": {
		"translate": "enchantment.stellarity.soaring",
		"fallback": "Soaring"
	},
	"supported_items": "#stellarity:enchantable/elytra",
	"weight": 2,
	"max_level": 4,
	"min_cost": {
		"base": 8,
		"per_level_above_first": 5
	},
	"max_cost": {
		"base": 19,
		"per_level_above_first": 8
	},
	"anvil_cost": 2,
	"slots": [
		"body"
	],
	"effects": {
		"minecraft:attributes": [
			{
				"id": "stellarity:enchantment.soaring",
				"attribute": "minecraft:generic.gravity",
				"amount": {
					"type": "minecraft:linear",
					"base": -0.05,
					"per_level_above_first": -0.05
				},
				"operation": "add_multiplied_base"
			}
		]
	}
}
