{
	"type": "minecraft:entity",
	"pools": [
		{
			"rolls": {
				"type": "minecraft:score",
				"target": "this",
				"score": "stellarity.phantom.size",
				"scale": 1
			},
			"bonus_rolls": 0,
			"entries": [
				{
					"type": "minecraft:item",
					"name": "minecraft:phantom_membrane",
					"functions": [
						{
							"function": "minecraft:set_count",
							"count": {
								"type": "minecraft:uniform",
								"min": 0,
								"max": 1
							},
							"add": false
						},
						{
							"function": "minecraft:enchanted_count_increase",
							"enchantment": "minecraft:looting",
							"count": {
								"type": "minecraft:uniform",
								"min": 0,
								"max": 1
							}
						}
					]
				}
			]
		},
		{
			"rolls": {
				"type": "minecraft:score",
				"target": "this",
				"score": "stellarity.phantom.size",
				"scale": 1
			},
			"bonus_rolls": 0,
			"entries": [
				{
					"type": "minecraft:item",
					"name": "minecraft:gunpowder",
					"functions": [
						{
							"function": "minecraft:set_count",
							"count": {
								"type": "minecraft:uniform",
								"min": 0,
								"max": 1
							},
							"add": false
						},
						{
							"function": "minecraft:enchanted_count_increase",
							"enchantment": "minecraft:looting",
							"count": {
								"type": "minecraft:uniform",
								"min": 0,
								"max": 1
							}
						}
					],
					"conditions": [
						{
							"condition": "minecraft:damage_source_properties",
							"predicate": {
								"tags": [
									{
										"id": "minecraft:is_fire",
										"expected": true
									}
								]
							}
						}
					]
				}
			]
		},
		{
			"rolls": 1,
			"bonus_rolls": 0,
			"entries": [
				{
					"type": "minecraft:loot_table",
					"value": "stellarity:items/elytra/phantom_wings"
				}
			],
			"conditions": [
				{
					"condition": "minecraft:random_chance",
					"chance": {
						"type": "minecraft:score",
						"target": "this",
						"score": "stellarity.phantom.wings_drop_chance",
						"scale": 0.01
					}
				}
			]
		}
	]
}
