{
	"type": "minecraft:entity",
	"pools": [
		{
			"rolls": 1,
			"bonus_rolls": 0,
			"entries": [
				{
					"type": "minecraft:item",
					"name": "minecraft:shulker_shell",
					"functions": [
						{
							"function": "minecraft:set_count",
							"count": {
								"min": 0,
								"max": 2
							}
						},
						{
							"function": "minecraft:enchanted_count_increase",
							"enchantment": "minecraft:looting",
							"count": {
								"min": 0,
								"max": 1
							}
						}
					]
				}
			]
		},
		{
			"rolls": 1,
			"entries": [
				{
					"type": "minecraft:loot_table",
					"value": "stellarity:items/food/shulker_body",
					"conditions": [
						{
							"condition": "minecraft:random_chance_with_enchanted_bonus",
							"enchantment": "minecraft:looting",
							"unenchanted_chance": 0.75,
							"enchanted_chance": {
								"type": "minecraft:linear",
								"base": 0.8,
								"per_level_above_first": 0.05
							}
						}
					]
				}
			]
		}
	],
	"random_sequence": "minecraft:entities/shulker"
}