{
  "pools": [
    {
      "rolls": 1,
      "entries": [
        {
          "type": "minecraft:item",
          "name": "minecraft:name_tag",
          "weight": 20
        },
        {
          "type": "minecraft:item",
          "name": "minecraft:flint",
          "weight": 20,
          "conditions": [
            {
              "condition": "minecraft:location_check",
              "predicate": {
                "dimension": "minecraft:overworld"
              }
            }
          ]
        },
        {
          "type": "minecraft:item",
          "name": "minecraft:popped_chorus_fruit",
          "weight": 40,
          "conditions": [
            {
              "condition": "minecraft:location_check",
              "predicate": {
                "dimension": "minecraft:the_end"
              }
            }
          ]
        },
        {
          "type": "minecraft:item",
          "name": "minecraft:chorus_flower",
          "weight": 40,
          "conditions": [
            {
              "condition": "minecraft:location_check",
              "predicate": {
                "dimension": "minecraft:the_end"
              }
            }
          ]
        },
        {
          "type": "minecraft:item",
          "name": "minecraft:chorus_fruit",
          "weight": 20,
          "conditions": [
            {
              "condition": "minecraft:location_check",
              "predicate": {
                "dimension": "minecraft:the_end"
              }
            }
          ]
        },
        {
          "type": "minecraft:item",
          "name": "minecraft:wither_skeleton_skull",
          "weight": 1,
          "conditions": [
            {
              "condition": "minecraft:location_check",
              "predicate": {
                "structures": "minecraft:fortress"
              }
            }
          ]
        },
        {
          "type": "minecraft:item",
          "name": "minecraft:magma_cream",
          "weight": 40,
          "conditions": [
            {
              "condition": "minecraft:location_check",
              "predicate": {
                "dimension": "minecraft:the_nether"
              }
            }
          ]
        },
        {
          "type": "minecraft:item",
          "name": "minecraft:pink_petals",
          "weight": 40,
          "conditions": [
            {
              "condition": "minecraft:location_check",
              "predicate": {
                "biomes": "minecraft:cherry_grove"
              }
            }
          ]
        },
        {
          "type": "minecraft:item",
          "name": "minecraft:beetroot_seeds",
          "weight": 5,
          "conditions": [
            {
              "condition": "minecraft:location_check",
              "predicate": {
                "dimension": "minecraft:overworld"
              }
            }
          ]
        },
        {
          "type": "minecraft:item",
          "name": "minecraft:rotten_flesh",
          "weight": 5
        },
        {
          "type": "minecraft:item",
          "name": "minecraft:quartz",
          "weight": 40,
          "functions": [
            {
              "function": "minecraft:limit_count",
              "limit": {
                "min": 1,
                "max": 6
              }
            }
          ],
          "conditions": [
            {
              "condition": "minecraft:location_check",
              "predicate": {
                "dimension": "minecraft:the_nether"
              }
            }
          ]
        },
        {
          "type": "minecraft:item",
          "name": "minecraft:netherite_scrap",
          "weight": 1,
          "conditions": [
            {
              "condition": "minecraft:location_check",
              "predicate": {
                "dimension": "minecraft:the_nether"
              }
            }
          ]
        },
        {
          "type": "minecraft:item",
          "name": "minecraft:crimson_fungus",
          "weight": 40,
          "conditions": [
            {
              "condition": "minecraft:location_check",
              "predicate": {
                "biomes": "minecraft:crimson_forest"
              }
            }
          ]
        },
        {
          "type": "minecraft:item",
          "name": "minecraft:porkchop",
          "weight": 35,
          "conditions": [
            {
              "condition": "minecraft:location_check",
              "predicate": {
                "biomes": "minecraft:crimson_forest"
              }
            }
          ]
        },
        {
          "type": "minecraft:item",
          "name": "minecraft:leather",
          "weight": 35,
          "conditions": [
            {
              "condition": "minecraft:location_check",
              "predicate": {
                "biomes": "minecraft:crimson_forest"
              }
            }
          ]
        },
        {
          "type": "minecraft:item",
          "name": "minecraft:gold_ingot",
          "weight": 35,
          "conditions": [
            {
              "condition": "minecraft:any_of",
              "terms": [
                {
                  "condition": "minecraft:location_check",
                  "predicate": {
                    "biomes": "minecraft:crimson_forest"
                  }
                },
                {
                  "condition": "minecraft:location_check",
                  "predicate": {}
                }
              ]
            }
          ]
        },
        {
          "type": "minecraft:item",
          "name": "minecraft:ender_pearl",
          "weight": 40,
          "conditions": [
            {
              "condition": "minecraft:location_check",
              "predicate": {
                "biomes": "minecraft:warped_forest"
              }
            }
          ]
        },
        {
          "type": "minecraft:item",
          "name": "minecraft:warped_fungus",
          "weight": 40,
          "conditions": [
            {
              "condition": "minecraft:location_check",
              "predicate": {
                "biomes": "minecraft:warped_forest"
              }
            }
          ]
        },
        {
          "type": "minecraft:item",
          "name": "minecraft:sand",
          "weight": 40,
          "functions": [
            {
              "function": "minecraft:limit_count",
              "limit": {
                "min": 4,
                "max": 16
              }
            }
          ],
          "conditions": [
            {
              "condition": "minecraft:any_of",
              "terms": [
                {
                  "condition": "minecraft:location_check",
                  "predicate": {
                    "biomes": "#minecraft:is_badlands"
                  }
                },
                {
                  "condition": "minecraft:location_check",
                  "predicate": {
                    "biomes": "minecraft:soul_sand_valley"
                  }
                },
                {
                  "condition": "minecraft:location_check",
                  "predicate": {
                    "biomes": "#minecraft:is_beach"
                  }
                },
                {
                  "condition": "minecraft:location_check",
                  "predicate": {
                    "biomes": "minecraft:desert"
                  }
                }
              ]
            }
          ]
        },
        {
          "type": "minecraft:item",
          "name": "minecraft:wither_rose",
          "weight": 10,
          "conditions": [
            {
              "condition": "minecraft:location_check",
              "predicate": {
                "biomes": "minecraft:desert"
              }
            }
          ]
        },
        {
          "type": "minecraft:item",
          "name": "minecraft:skeleton_skull",
          "weight": 4,
          "conditions": [
            {
              "condition": "minecraft:any_of",
              "terms": [
                {
                  "condition": "minecraft:location_check",
                  "predicate": {
                    "biomes": "minecraft:desert"
                  }
                },
                {
                  "condition": "minecraft:location_check",
                  "predicate": {
                    "biomes": "minecraft:soul_sand_valley"
                  }
                }
              ]
            }
          ]
        },
        {
          "type": "minecraft:item",
          "name": "minecraft:ghast_tear",
          "weight": 20,
          "functions": [
            {
              "function": "minecraft:limit_count",
              "limit": {
                "min": 1,
                "max": 4
              }
            }
          ],
          "conditions": [
            {
              "condition": "minecraft:location_check",
              "predicate": {
                "biomes": "minecraft:soul_sand_valley"
              }
            }
          ]
        },
        {
          "type": "minecraft:item",
          "name": "minecraft:bone",
          "weight": 50,
          "functions": [
            {
              "function": "minecraft:limit_count",
              "limit": {
                "min": 1,
                "max": 3
              }
            }
          ],
          "conditions": [
            {
              "condition": "minecraft:location_check",
              "predicate": {
                "biomes": "minecraft:soul_sand_valley"
              }
            }
          ]
        },
        {
          "type": "minecraft:item",
          "name": "minecraft:sculk_sensor",
          "weight": 40,
          "conditions": [
            {
              "condition": "minecraft:location_check",
              "predicate": {
                "biomes": "minecraft:deep_dark"
              }
            }
          ]
        },
        {
          "type": "minecraft:item",
          "name": "minecraft:redstone",
          "weight": 40,
          "functions": [
            {
              "function": "minecraft:limit_count",
              "limit": {
                "min": 10,
                "max": 30
              }
            }
          ],
          "conditions": [
            {
              "condition": "minecraft:location_check",
              "predicate": {
                "biomes": "minecraft:mushroom_fields"
              }
            }
          ]
        },
        {
          "type": "minecraft:item",
          "name": "minecraft:iron_ingot",
          "weight": 36,
          "conditions": [
            {
              "condition": "minecraft:location_check",
              "predicate": {
                "biomes": "minecraft:mushroom_fields"
              }
            }
          ]
        },
        {
          "type": "minecraft:item",
          "name": "minecraft:wheat",
          "weight": 40,
          "conditions": [
            {
              "condition": "minecraft:location_check",
              "predicate": {
                "biomes": "minecraft:mushroom_fields"
              }
            }
          ]
        },
        {
          "type": "minecraft:item",
          "name": "minecraft:suspicious_stew",
          "weight": 30,
          "functions": [
            {
              "function": "minecraft:set_stew_effect",
              "effects": [
                {
                  "type": "minecraft:health_boost",
                  "duration": 6
                }
              ]
            }
          ],
          "conditions": [
            {
              "condition": "minecraft:location_check",
              "predicate": {
                "biomes": "minecraft:mushroom_fields"
              }
            }
          ]
        },
        {
          "type": "minecraft:item",
          "name": "minecraft:gunpowder",
          "weight": 40,
          "conditions": [
            {
              "condition": "minecraft:location_check",
              "predicate": {
                "biomes": "minecraft:desert"
              }
            }
          ]
        },
        {
          "type": "minecraft:item",
          "name": "minecraft:tnt",
          "weight": 20,
          "conditions": [
            {
              "condition": "minecraft:location_check",
              "predicate": {
                "biomes": "minecraft:desert",
                "structures": "minecraft:desert_pyramid"
              }
            }
          ]
        },
        {
          "type": "minecraft:item",
          "name": "minecraft:dead_bush",
          "weight": 20,
          "conditions": [
            {
              "condition": "minecraft:location_check",
              "predicate": {
                "biomes": "minecraft:desert"
              }
            }
          ]
        },
        {
          "type": "minecraft:item",
          "name": "minecraft:cactus",
          "weight": 40,
          "conditions": [
            {
              "condition": "minecraft:location_check",
              "predicate": {
                "biomes": "minecraft:desert"
              }
            }
          ]
        },
        {
          "type": "minecraft:item",
          "name": "minecraft:verdant_froglight",
          "weight": 40,
          "conditions": [
            {
              "condition": "minecraft:any_of",
              "terms": [
                {
                  "condition": "minecraft:location_check",
                  "predicate": {
                    "biomes": "minecraft:mangrove_swamp"
                  }
                },
                {
                  "condition": "minecraft:location_check",
                  "predicate": {
                    "biomes": "minecraft:swamp"
                  }
                }
              ]
            }
          ]
        },
        {
          "type": "minecraft:item",
          "name": "minecraft:pearlescent_froglight",
          "weight": 40,
          "conditions": [
            {
              "condition": "minecraft:any_of",
              "terms": [
                {
                  "condition": "minecraft:location_check",
                  "predicate": {
                    "biomes": "minecraft:swamp"
                  }
                },
                {
                  "condition": "minecraft:location_check",
                  "predicate": {
                    "biomes": "minecraft:mangrove_swamp"
                  }
                }
              ]
            }
          ]
        },
        {
          "type": "minecraft:item",
          "name": "minecraft:ochre_froglight",
          "weight": 40,
          "conditions": [
            {
              "condition": "minecraft:any_of",
              "terms": [
                {
                  "condition": "minecraft:location_check",
                  "predicate": {
                    "biomes": "minecraft:mangrove_swamp"
                  }
                },
                {
                  "condition": "minecraft:location_check",
                  "predicate": {
                    "biomes": "minecraft:swamp"
                  }
                }
              ]
            }
          ]
        },
        {
          "type": "minecraft:item",
          "name": "minecraft:frogspawn",
          "weight": 40,
          "conditions": [
            {
              "condition": "minecraft:any_of",
              "terms": [
                {
                  "condition": "minecraft:location_check",
                  "predicate": {
                    "biomes": "minecraft:swamp"
                  }
                },
                {
                  "condition": "minecraft:location_check",
                  "predicate": {
                    "biomes": "minecraft:mangrove_swamp"
                  }
                }
              ]
            }
          ]
        },
        {
          "type": "minecraft:item",
          "name": "minecraft:slime_ball",
          "weight": 60,
          "conditions": [
            {
              "condition": "minecraft:any_of",
              "terms": [
                {
                  "condition": "minecraft:location_check",
                  "predicate": {
                    "biomes": "minecraft:mangrove_swamp"
                  }
                },
                {
                  "condition": "minecraft:location_check",
                  "predicate": {
                    "biomes": "minecraft:swamp"
                  }
                }
              ]
            }
          ]
        },
        {
          "type": "minecraft:item",
          "name": "minecraft:golden_hoe",
          "weight": 6,
          "functions": [
            {
              "function": "minecraft:set_lore",
              "lore": [
                {
                  "text": "legendary hoe",
                  "bold": true,
                  "italic": true,
                  "underlined": true
                }
              ],
              "mode": "replace_all"
            },
            {
              "function": "minecraft:set_components",
              "components": {
                "minecraft:damage": 31
              }
            },
            {
              "function": "minecraft:enchant_randomly"
            }
          ],
          "conditions": [
            {
              "condition": "minecraft:location_check",
              "predicate": {}
            }
          ]
        },
        {
          "type": "minecraft:item",
          "name": "minecraft:vine",
          "weight": 30,
          "conditions": [
            {
              "condition": "minecraft:location_check",
              "predicate": {
                "biomes": "#minecraft:is_jungle"
              }
            }
          ]
        },
        {
          "type": "minecraft:item",
          "name": "minecraft:cocoa_beans",
          "weight": 40,
          "conditions": [
            {
              "condition": "minecraft:location_check",
              "predicate": {
                "biomes": "#minecraft:is_jungle"
              }
            }
          ]
        },
        {
          "type": "minecraft:item",
          "name": "minecraft:bamboo",
          "weight": 40,
          "conditions": [
            {
              "condition": "minecraft:any_of",
              "terms": [
                {
                  "condition": "minecraft:location_check",
                  "predicate": {
                    "biomes": "#minecraft:is_jungle"
                  }
                }
              ]
            }
          ]
        },
        {
          "type": "minecraft:item",
          "name": "minecraft:salmon",
          "weight": 40,
          "functions": [
            {
              "function": "minecraft:limit_count",
              "limit": {
                "min": 2,
                "max": 5
              }
            }
          ],
          "conditions": [
            {
              "condition": "minecraft:location_check",
              "predicate": {
                "biomes": "#minecraft:is_beach"
              }
            }
          ]
        },
        {
          "type": "minecraft:item",
          "name": "minecraft:turtle_egg",
          "weight": 4,
          "conditions": [
            {
              "condition": "minecraft:location_check",
              "predicate": {
                "biomes": "#minecraft:is_beach"
              }
            }
          ]
        },
        {
          "type": "minecraft:item",
          "name": "minecraft:turtle_scute",
          "weight": 34,
          "conditions": [
            {
              "condition": "minecraft:location_check",
              "predicate": {
                "biomes": "#minecraft:is_beach"
              }
            }
          ]
        },
        {
          "type": "minecraft:item",
          "name": "minecraft:dead_fire_coral_fan",
          "weight": 40,
          "conditions": [
            {
              "condition": "minecraft:location_check",
              "predicate": {
                "biomes": "#minecraft:is_beach"
              }
            }
          ]
        },
        {
          "type": "minecraft:item",
          "name": "minecraft:nautilus_shell",
          "weight": 40,
          "conditions": [
            {
              "condition": "minecraft:location_check",
              "predicate": {
                "biomes": "#minecraft:is_beach"
              }
            }
          ]
        },
        {
          "type": "minecraft:item",
          "name": "minecraft:glow_berries",
          "weight": 20,
          "functions": [
            {
              "function": "minecraft:set_count",
              "count": 2,
              "conditions": [
                {
                  "condition": "minecraft:location_check",
                  "predicate": {
                    "dimension": "minecraft:overworld"
                  }
                }
              ]
            }
          ]
        },
        {
          "type": "minecraft:item",
          "name": "minecraft:sweet_berries",
          "weight": 20,
          "functions": [
            {
              "function": "minecraft:set_count",
              "count": 3
            }
          ]
        },
        {
          "type": "minecraft:item",
          "name": "minecraft:moss_block",
          "weight": 20,
          "functions": [
            {
              "function": "minecraft:set_count",
              "count": 1
            }
          ]
        },
        {
          "type": "minecraft:item",
          "name": "minecraft:string",
          "weight": 8,
          "functions": [
            {
              "function": "minecraft:set_count",
              "count": {
                "min": 2,
                "max": 3
              }
            }
          ]
        },
        {
          "type": "minecraft:item",
          "name": "minecraft:spider_eye",
          "weight": 8,
          "functions": [
            {
              "function": "minecraft:set_count",
              "count": 1
            }
          ]
        },
        {
          "type": "minecraft:item",
          "name": "minecraft:brown_mushroom",
          "weight": 3,
          "functions": [
            {
              "function": "minecraft:set_count",
              "count": {
                "min": 2,
                "max": 4
              }
            }
          ]
        },
        {
          "type": "minecraft:item",
          "name": "minecraft:red_mushroom",
          "weight": 3,
          "functions": [
            {
              "function": "minecraft:set_count",
              "count": 1
            }
          ]
        },
        {
          "type": "minecraft:item",
          "name": "minecraft:golden_apple",
          "weight": 1,
          "functions": [
            {
              "function": "minecraft:set_count",
              "count": 1
            }
          ]
        },
        {
          "type": "minecraft:item",
          "name": "minecraft:golden_carrot",
          "weight": 8,
          "functions": [
            {
              "function": "minecraft:set_count",
              "count": 1
            }
          ]
        },
        {
          "type": "minecraft:item",
          "name": "minecraft:carrot",
          "weight": 20,
          "functions": [
            {
              "function": "minecraft:set_count",
              "count": {
                "min": 4,
                "max": 5
              }
            }
          ]
        },
        {
          "type": "minecraft:item",
          "name": "minecraft:charcoal",
          "weight": 8,
          "functions": [
            {
              "function": "minecraft:set_count",
              "count": 1
            }
          ]
        },
        {
          "type": "minecraft:item",
          "name": "minecraft:snort_pottery_sherd",
          "weight": 15,
          "functions": [
            {
              "function": "minecraft:set_count",
              "count": 1
            }
          ]
        },
        {
          "type": "minecraft:item",
          "name": "minecraft:stick",
          "weight": 5,
          "functions": [
            {
              "function": "minecraft:set_count",
              "count": 1
            }
          ]
        },
        {
          "type": "minecraft:item",
          "name": "minecraft:wheat_seeds",
          "weight": 20,
          "functions": [
            {
              "function": "minecraft:set_count",
              "count": 1,
              "conditions": [
                {
                  "condition": "minecraft:location_check",
                  "predicate": {
                    "dimension": "minecraft:overworld"
                  }
                }
              ]
            }
          ]
        },
        {
          "type": "minecraft:item",
          "name": "minecraft:torchflower_seeds",
          "weight": 20,
          "functions": [
            {
              "function": "minecraft:set_count",
              "count": 1
            }
          ],
          "conditions": [
            {
              "condition": "minecraft:location_check",
              "predicate": {
                "dimension": "minecraft:overworld"
              }
            }
          ]
        },
        {
          "type": "minecraft:item",
          "name": "minecraft:pitcher_pod",
          "weight": 2,
          "functions": [
            {
              "function": "minecraft:set_count",
              "count": 1
            }
          ],
          "conditions": [
            {
              "condition": "minecraft:location_check",
              "predicate": {
                "dimension": "minecraft:overworld"
              }
            }
          ]
        },
        {
          "type": "minecraft:item",
          "name": "minecraft:armadillo_scute",
          "weight": 40,
          "functions": [
            {
              "function": "minecraft:set_count",
              "count": {
                "min": 2,
                "max": 10
              }
            }
          ],
          "conditions": [
            {
              "condition": "minecraft:any_of",
              "terms": [
                {
                  "condition": "minecraft:location_check",
                  "predicate": {
                    "biomes": "#minecraft:is_badlands"
                  }
                },
                {
                  "condition": "minecraft:location_check",
                  "predicate": {
                    "biomes": "#minecraft:is_savanna"
                  }
                }
              ]
            }
          ]
        },
        {
          "type": "minecraft:item",
          "name": "minecraft:wolf_armor",
          "weight": 2,
          "functions": [
            {
              "function": "minecraft:set_components",
              "components": {
                "minecraft:damage": 7
              }
            }
          ],
          "conditions": [
            {
              "condition": "minecraft:location_check",
              "predicate": {
                "biomes": "#minecraft:is_forest"
              }
            }
          ]
        },
        {
          "type": "minecraft:item",
          "name": "minecraft:wolf_armor",
          "weight": 2,
          "functions": [
            {
              "function": "minecraft:set_components",
              "components": {
                "minecraft:damage": 8
              }
            }
          ],
          "conditions": [
            {
              "condition": "minecraft:location_check",
              "predicate": {
                "biomes": "#minecraft:is_forest"
              }
            }
          ]
        },
        {
          "type": "minecraft:item",
          "name": "minecraft:wolf_armor",
          "weight": 1,
          "functions": [
            {
              "function": "minecraft:set_components",
              "components": {
                "minecraft:damage": 21
              }
            }
          ],
          "conditions": [
            {
              "condition": "minecraft:location_check",
              "predicate": {
                "biomes": "#minecraft:is_forest"
              }
            }
          ]
        }
      ]
    }
  ]
}
