{
	"temperature": 0.5,
	"downfall": 0.5,
	"has_precipitation": false,
	"effects": {
		"sky_color": 0,
		"fog_color": 0,
		"water_color": 5261169,
		"water_fog_color": 3156295,
		"grass_color": 4994644,
		"foliage_color": 5585503,
		"ambient_sound": {
			"sound_id": "stellarity:ambient.end.dark"
		},
		"mood_sound": {
			"sound": "minecraft:ambient.cave",
			"tick_delay": 800,
			"block_search_extent": 8,
			"offset": 2
		},
		"additions_sound": {
			"sound": "ambient.nether_wastes.additions",
			"tick_chance": 0.005
		},
		"particle": {
			"options": {
				"type": "minecraft:ash"
			},
			"probability": 0.0111
		}
	},
	"spawners": {
		"monster": [
			{
				"type": "minecraft:zombie",
				"weight": 30,
				"minCount": 4,
				"maxCount": 4
			},
			{
				"type": "minecraft:enderman",
				"weight": 30,
				"minCount": 4,
				"maxCount": 4
			}
		]
	},
	"spawn_costs": {
		"minecraft:enderman": {
			"charge": 0.8,
			"energy_budget": 1
		},
		"minecraft:zombie": {
			"charge": 0.68,
			"energy_budget": 1
		}
	},
	"carvers": {},
	"features": [
		[
			"stellarity:barrens/hills",
			"stellarity:global/stalactite",
			"stellarity:barrens/stalactite"
		],
		[],
		[],
		[],
		[],
		[],
		[],
		[],
		[],
		[],
		[
			"stellarity:global/end_dungeon",
			"stellarity:global/fossil"
		]
	]
}
